tag,name,full,ideology,subideology,culture,leader,states,note
AGL,Anglost,the Kingdom of Anglost,Democratic,Constitutional Monarchy,English,Russell Collin,55,
AIS,Merlovich,the Federation of Merlovich,Democratic,Liberalism,Australian,PLACEHOLDER,15,
AOE,Alliance of the East,the Alliance of the East,Monarchist,Oligarchy,French,Louis Canrobert,0,no land at the start (releasable or civil war)
ARS,Araseos,Araseos,Monarchist,Absolute Monarchy,Italian,Alessandro Govone,1,
ARV,Arvorenia,"the United Kingdom of Éden, Santo Domingo, and Arovia",Democratic,Constitutional Monarchy,Portuguese,Daniel Maurício,32,
ATR,Atrocha,the Republic of Atrocha,Democratic,Liberalism,Spanish,Astrid Bethancourt,14,
BLK,Belekria,the Union of Belekrian Republics,Communist,Vanguardism,Russian,Roman Voroshilov,44,
BRL,Brillagne,the Holy State of Brillagne,Theocratic,Hierocracy,French,Mahaut VI,0,no land at the start (releasable or civil war)
CRD,Cardonia,the Cardonian Kingdom,Monarchist,Enlightened Absolutism,English,Arthur Campbell,29,
CRL,Carcarelle,the Kingdom of Carcarelle,Monarchist,Absolute Monarchy,French,Matthieu Gallieni,0,no land at the start (releasable or civil war)
CRP,Crépuscule,the Principality of Crépuscule,Monarchist,Absolute Monarchy,French,Denis Boué de Lapeyrère,0,no land at the start (releasable or civil war)
CRZ,Coraliza,the Principality of Coraliza,Democratic,Constitutional Monarchy,Portuguese,Eugénio de Castro,6,
CSC,Cascadia,the United Forests of Cascadia,Communist,Anarcho-Communism,American,Donald Abbott,41,
CTF,Côtefer,the Bleacherist Republic of Côtefer,Authoritarian,Bleacherism,Italian,Costanzo Solari,5,puppet of Republican Illiricium
DNL,Danelaw,the Kingdom of Danelaw-Scandinavia,Monarchist,Elective Monarchy,Swedish,Martin Nisshagen,20,
DRM,Dremaur,the Pangolin Empire of Dremaur,Monarchist,Absolute Monarchy,Dutch,Godfried van Setten,1,
DRV,Daravon,the Republik of Daravon,Communist,Orthodox Marxism,German,VGE Eisele,1,
DUM,Dumas,the Order of Saint Dumas,Theocratic,Holy Order,French,Joseph Gallieni,8,
DVL,Devlon,the Free State of Devlon,Democratic,Agrarianism,American,Raphael Custer,1,
ESC,Eschland,the Wyrhterrepublik of Eschland,Communist,Orthodox Marxism,German,Johann Will,7,
ESD,Estande,the Kingdom of Estande,Democratic,Constitutional Monarchy,Portuguese,Fernando Ivens,71,
ETR,Entroterra,the Bleacherist Republic of Entroterra,Authoritarian,Bleacherism,Italian,Emilio Albricci,9,puppet of Republican Illiricium
EVR,Evriches,the County of Evriches,Monarchist,Feudalism,French,Adolphe Duchêne,1,
FRX,Fraxhemark,Fraxhemark,Democratic,Social Democracy,American,Jerome Wharton,141,
FTH,The Faithful,the Faithful Children of the Goddess and Her Saint,Theocratic,Holy Order,French,Jean Gouraud,0,no land at the start (releasable or civil war)
GAE,Gaellia,the Kingdom of Gaellia,Monarchist,Absolute Monarchy,Irish,Patrick McCullough,6,
GDN,Guedelon,the Free City of Guedelon,Democratic,Lordly Republic,French,Jacques Anthoine,1,
GFR,Garfield Republics,the United Greater Garfield Republics,Authoritarian,Fascism,Spanish,Jacobo Asensio,10,
GHS,Ghessone,the Free State of Ghessone,Democratic,Liberalism,French,Eugène Hamelin,0,no land at the start (releasable or civil war)
GLB,Großlöwenburg,the Efeuüberwuchterte Steinsäule of Großlöwenburg,Monarchist,Feudalism,German,Henri Kempel,54,
GOB,Gorbastan,the Republic of Gorbastan,Democratic,Liberalism,Russian,Andrey Menshikov,19,
GRD,Malvekia,the Duchy of Malvekia,Monarchist,Enlightened Absolutism,Spanish,Pascual Arcadio,9,
HLR,Hollier,the Principality of Hollier,Monarchist,Absolute Monarchy,French,Leroy Dupetit-Thouars,2,
HOA,Hoalepa,the Exteriorem Kingdom of Hoalepa,Democratic,Constitutional Monarchy,Australian,George Tupou VII the Generous,2,
HVQ,Hevique,the County of Hevique,Monarchist,Feudalism,French,Hubert Boulanger,0,no land at the start (releasable or civil war)
HWK,Harwick,the People's Rule Over Harwick,Communist,Party Centralism,Welsh,Idwal Moss,1,puppet of Vineta
HWT,Hwitland,the Republik of Hwitland,Communist,Orthodox Marxism,German,Ralph Kleiber,4,
ILR,Republican Illiricium,the Senatorial Republic of Illiricium,Authoritarian,Bleacherism,Italian,Ema Milize,18,
KIL,Royalist Illiricium,the Kingdom of Illiricium,Monarchist,Legitimism,Italian,Beatrice di Alqiro,2,
KKB,Kilkire-Foraois,the High Kingdom of Kilkire-Foraois,Monarchist,Elective Monarchy,Irish,Peter O'Mara,29,
KOV,Kové,the County of Kové,Monarchist,Feudalism,French,Lucien Delay,0,no land at the start (releasable or civil war)
KPF,Kampfian Empire,the Iron Empire of Kampf,Monarchist,Absolute Monarchy,German,Max Reimer,94,
KRI,Krionik,the Militariat Regency of the Kriosnika,Democratic,Stratocracy,Russian,Markian Klubkov,157,
KRK,Kurikia,Kurikia,Democratic,Conservatism,Russian,Nikita Russian,17,
LCF,Locus,the Worker's Republic of Locus Felicitatis,Communist,Council Communism,American,Stonewall Cleburne,3,
LNT,Placeholdaire,the Republic of Placeholdaire,Democratic,Conservatism,French,Charles Gallieni,14,
LST,Lustiana,the Duchy of Lustiana,Monarchist,Elective Monarchy,French,Charles Bourbaki,1,
LTH,Leithanien,the Republic of Leithanien,Democratic,Populism,German,Samuel Edel,7,
LZC,Lanzerac,the Republic of Lanzerac,Democratic,Lordly Republic,French,Aimable Dubois,1,
MAH,Mahina,the Republic of Mahina,Democratic,Liberalism,Polynesian,Wiremu Aumua,1,
MGD,Merlgould,the Kingdom of Merlgould,Monarchist,Personal Union,Portuguese,Diogo de Arriaga,1,puppet of Volinovia
MRC,The Marches,the Alliance of the Marcher Lords,Monarchist,Oligarchy,French,Louis Forey,0,no land at the start (releasable or civil war)
MRG,Merikaan,the Republic of Merikaan,Democratic,Conservatism,Dutch,Jan Bruggink,4,puppet of Peatiktist
MTN,Duchy of the Mountains,the Duchy of the Mountains,Monarchist,Feudalism,French,Aurelien Duchêne,0,no land at the start (releasable or civil war)
MZG,Mezzogiorno,the Bleacherist Republic of Mezzogiorno,Authoritarian,Bleacherism,Italian,Fabrizio Caramore,5,puppet of Republican Illiricium
NPL,North Pollana,the Worker's State of Pollana,Communist,Party Centralism,Latin American,Vicente Arista,1,
NRM,Normania,the Principality of Normania,Democratic,Constitutional Monarchy,English,Hubert Golightly,5,dominion of Anglost
NSC,Nonscio,Nonscio,Monarchist,Absolute Monarchy,English,Oswald Brown,4,
OCR,Ostercoirasreich,the Kaiserinnreichfedderation of Ostercoirasreich,Monarchist,Feudalism,German,Ferdinand Lauck,3,
ORF,Oriflamme,the Oriflamme Alliance,Monarchist,Oligarchy,French,Gustave Humbert,0,no land at the start (releasable or civil war)
ORI,Orientalis,Orientalis,Monarchist,Absolute Monarchy,Japanese,Soroku Minami,143,
OST,Ostaria,the Archcounty of Ostaria,Monarchist,Absolute Monarchy,German,Adolf Göttmann,4,
PLH,Vultuca,the United Kingdom of Vultuca,Democratic,Constitutional Monarchy,Portuguese,Abel Ivens,26,
PNC,Ponchomagnifico,the Community of Ponchomagnifico,Authoritarian,Strongman Rule,Spanish,Mauricio Gómez,6,
PSC,Piscary,the Duchy of the Piscary,Monarchist,Feudalism,French,Achille Bosquet,0,no land at the start (releasable or civil war)
PTK,Peatiktist,the Constitutional Dictatorship of Peatiktist,Authoritarian,Strongman Rule,German,Philipp Gross,24,
RCL,Recolt,the Principality of the Recolt,Monarchist,Absolute Monarchy,French,Henri de Castelnau,0,no land at the start (releasable or civil war)
RLA,HMMLA,Her Majesty's Most Loyal Army,Authoritarian,Strongman Rule,French,Serelle Cahun,0,no land at the start (releasable or civil war)
RLT,Reliette,the Grand Duchy of Reliette,Monarchist,Feudalism,French,Félix Boué de Lapeyrère,0,no land at the start (releasable or civil war)
RMD,Romanoddle,the Romanoddlian Federation,Democratic,Social Democracy,English,Max Cockburn,93,
ROU,Rouental,The Sacred Principality of Rouental,Monarchist,Feudalism,French,Roland Cahun,56,
RST,Rastava,Rastava,Authoritarian,Revanchism,Portuguese,Caetano Amaral,13,
RSV,Russovichia,the Soyuz Narodnykh Komissarov of Russovichia,Communist,Council Communism,Russian,Amayak Shvetsov,2,
RVR,Riverraine,the Grand Duchy of the Riverraine,Monarchist,Feudalism,French,Denis Bourbaki,0,no land at the start (releasable or civil war)
SCZ,Sicilianzo,the Kingdom of Sicilianzo,Democratic,Constitutional Monarchy,Italian,Umberto di Savoia,3,
SEE,Holy See,the Kingdom of the Church,Theocratic,Hierocracy,Italian,Camillo Cadorna,1,
SGN,Seigne,the County of the Seigne,Monarchist,Feudalism,French,Armand Delay,1,
SGT,Sangterre,the Duchy of Sangterre,Monarchist,Feudalism,French,Lucien Anthoine,0,no land at the start (releasable or civil war)
SGV,Selgrave,the Duchy of Selgrave,Monarchist,Oligarchy,French,Pierre Boué de Lapeyrère,1,
SLT,Solitas,Solitas,Monarchist,Absolute Monarchy,Swedish,Magnus Karlsson,20,
SMN,Sminishia,the Worker's Republic of Sminishia,Democratic,Social Democracy,Russian,Iosif Chistyakov,21,
SMR,Someriania,the People's Republik of Someriania,Communist,Vanguardism,German,Franz Kniss,12,
SPL,South Pollana,the Most Serene Republic of South Pollana,Democratic,Liberalism,Latin American,Agustín Sarmaniego del Castillo,1,
SRE,Serie,the Duchy of Serie,Monarchist,Feudalism,French,Frédéric Hoche,0,no land at the start (releasable or civil war)
SRN,Serentia,the High Kingdom of Serentia,Monarchist,Elective Monarchy,German,Henri Kexel,3,
SSA,San Sierra,the People's Republic of San Sierra,Communist,Council Communism,Spanish,Emilio Díaz,21,
STM,Schteirmark,the Duchy of Schteirmark,Monarchist,Feudalism,German,Werner Winkler,4,puppet of Terreich und Preußen
STO,Selto,the Empire of Selto-Hamborn,Monarchist,Absolute Monarchy,English,Jeremy Collin,4,
SVM,Silvamar,the New Republic of Silvamar,Democratic,Liberalism,Spanish,Elias Garcovixa,6,
TBS,Terrabis-Seran,the Commonwealth of Terrabis-Seran,Democratic,Social Democracy,English,Lester Haig,80,
TCN,Transcainia,the Kingdom of Transcainia,Monarchist,Oligarchy,German,Peter Eisele,7,
THD,Thorian Dynamics,Thorian Dynamics,Authoritarian,Megacorporation,American,Hamilton Pickett,5,
TRC,Troc,the Democratic Republic of Troc,Democratic,Liberalism,English,Colbert Dundas,15,
TTH,Tethia,the Principality of Tethia,Monarchist,Absolute Monarchy,Polish,Jakub Kowalski,0,no land at the start (releasable or civil war)
TUP,Terreich und Preußen,the Bundeskaiserreich of Terreich und Preußen,Democratic,Social Democracy,German,Arthur Kober,82,
UNG,Ungar,the Grand Duchy of Ungar,Monarchist,Feudalism,German,Heinz Schneider,4,
USN,Usnistan,Usnistan,Monarchist,Absolute Monarchy,Persian,Soroush Jahangir,76,
USS,United States of Solitas,United States of Solitas,Democratic,Liberalism,American,Aaron Miller,30,
VAI,Vair,the Duchy of Vair,Monarchist,Feudalism,French,François Dubail,0,no land at the start (releasable or civil war)
VLN,Volinovia,the Kingdom of Volinovia,Monarchist,Enlightened Absolutism,Portuguese,Fernando Pinto,16,
VNT,Vineta,the People's Rule Over Vineta,Communist,Party Centralism,Welsh,Rhys Moss,7,
WRS,Wersh,the Republic of Wersh,Authoritarian,Revanchism,English,Stanley Beatty,21,
YAS,Yastreovakia,Yastreovakia,Monarchist,Absolute Monarchy,Polish,Tomasz Jankowski,58,
ZUK,Zukchiva,the Republic of Zukchiva,Democratic,Liberalism,Russian,Yegor Russian,17,
ZWT,Zwintern,the State of Zwintern,Authoritarian,Technocracy,Dutch,Govert Roelofsen,6,
